<rss version="0.94">
<channel>
<title>Example Channel</title>
<link>http://example.com/</link>
<description>an example feed</description>
<language>en</language>
<rating>(PICS-1.1 "http://www.classify.org/safesurf/" l r (SS~~000 1))</rating>
<textInput>
<title>Search this site:</title>
<description>Find:</description>
<name>q</name>
<link>http://example.com/search</link>
</textInput>
<skipHours>
<hour>24</hour>
</skipHours>
<item>
<title>1 &lt; 2</title>
<link>http://example.com/1_less_than_2.html</link>
<description type="text/plain">1 &lt; 2, 3 &lt; 4.
In HTML, &lt;b&gt; starts a bold phrase
and you start a link with &lt;a href=
</description>
</item>
</channel>
</rss>

