<?xml version="1.0" encoding="UTF-8"?>
<rss xmlns:admin="http://webns.net/mvcb/" xmlns:slash="http://purl.org/rss/1.0/modules/slash/" xmlns:syn="http://purl.org/rss/1.0/modules/syndication/" xmlns="http://purl.org/rss/1.0/" xmlns:rdf="http://www.w3.org/1999/02/22-rdf-syntax-ns#" xmlns:taxo="http://purl.org/rss/1.0/modules/taxonomy/" xmlns:dc="http://purl.org/dc/elements/1.1/" version="2.0">
  <channel>
    <title>Slashdot: </title>
    <link>http://slashdot.org/</link>
    <description>News for nerds, stuff that matters</description>
    <dc:rights>Copyright 1997-2004, OSTG - Open Source Technology Group, Inc.  All Rights Reserved.</dc:rights>
    <dc:date>2004-08-26T15:13:09+00:00</dc:date>
    <dc:publisher>OSTG</dc:publisher>
    <dc:creator>pater@slashdot.org</dc:creator>
    <dc:subject>Technology</dc:subject>
    <syn:updatePeriod>hourly</syn:updatePeriod>
    <syn:updateFrequency>1</syn:updateFrequency>
    <syn:updateBase>1970-01-01T00:00+00:00</syn:updateBase>
    <textinput rdf:resource="http://slashdot.org/search.pl"/>

    <item>
      <title>A Flying Leap for Cars?</title>
      <link>http://slashdot.org/article.pl?sid=04/08/26/1319215</link>
      <description>pillageplunder writes &quot;Businessweek has a story about flying cars and how they could be an actual viable thing in less than 10 years. First flying taxis, then, like the Jetsons, personal flying cars. Several are already on the board, with Honda and Toyota already having prototypes of small flying devices. Even General Electric is getting in on the deal, developing a small jet engine for Honda. So...would you buy one?&quot;</description>
      <slash:section>mainpage</slash:section>
      <slash:department>RSN</slash:department>
      <slash:comments>94</slash:comments>
      <slash:hitparade>94,90,71,37,13,5,1</slash:hitparade>
      <category>tech</category>
      <author>michael</author>
      <pubDate>2004-08-26T14:56:00+00:00</pubDate>
    </item>
    <item>
      <title>XP2 Spotted In The Wild</title>
      <link>http://slashdot.org/article.pl?sid=04/08/26/1312254</link>
      <description>LostCluster writes &quot;WinXP SP2 has just been released to the public via Automatic Update, but eWeek and PC Magazine are together reporting that Windows XP SP2&apos;s &apos;Windows Security Center&apos; is just about as insecure as it could possibly be. According to them, any program (including ActiveX controls) can access and edit the Windows Management Instrumentation database, and therefore spoof the security status of an insecure box to report that it is properly secured.&quot;</description>
      <slash:section>it</slash:section>
      <slash:department>watch-out-or-it&apos;ll-chew-you-up</slash:department>
      <slash:comments>252</slash:comments>
      <slash:hitparade>252,240,181,131,45,26,16</slash:hitparade>
      <category>microsoft</category>
      <author>michael</author>
      <pubDate>2004-08-26T14:10:00+00:00</pubDate>
    </item>
    <item>
      <title>The Power of X</title>
      <link>http://slashdot.org/article.pl?sid=04/08/26/1230237</link>
      <description>An anonymous reader writes &quot;The license changes in the last version of Xfree86 have caused many distributions to reject the project in favor of the forked X.Org X server. As X.Org prepares to release the second version of the X.Org &quot;monolithic&quot; X Server (dubbed version 6.8), Ars Technica investigates the future of the X platform, as cooperation between X.Org and projects like GNOME and KDE begin to take take hold at freedesktop.org. Already host to an impressive array of projects, it appears that freedesktop.org will become the hub in which other Free Desktop projects can collaborate. Daniel Stone, release manager for freedesktop.org, gets into the details on how it&apos;s all going to work, in conjunction with freedesktop.org&apos;s upcoming platform release.&quot;</description>
      <slash:section>developers</slash:section>
      <slash:department>name-that-you-want-to-touch,-but-you-musn&apos;t-touch!</slash:department>
      <slash:comments>164</slash:comments>
      <slash:hitparade>164,148,115,99,40,23,14</slash:hitparade>
      <category>x</category>
      <author>michael</author>
      <pubDate>2004-08-26T13:25:00+00:00</pubDate>
    </item>
    <item>
      <title>RIAA Sues More Music Lovers</title>
      <link>http://slashdot.org/article.pl?sid=04/08/26/1214214</link>
      <description>DominoTree writes &quot;The RIAA, a trade group representing the U.S. music industry has filed a new round of lawsuits against 744 people it alleges used online file-sharing networks to illegally trade in copyrighted songs, it said on Wednesday.&quot;</description>
      <slash:section>yro</slash:section>
      <slash:department>killing-me-softly-with-his-song</slash:department>
      <slash:comments>354</slash:comments>
      <slash:hitparade>354,335,279,175,57,36,22</slash:hitparade>
      <category>doj</category>
      <author>michael</author>
      <pubDate>2004-08-26T12:37:00+00:00</pubDate>
    </item>
    <item>
      <title>Free Software Day Around The World</title>
      <link>http://slashdot.org/article.pl?sid=04/08/26/0135214</link>
      <description>depechemodem writes &quot;In a follow-up to Microsoft Leaves U.N. Standards Group, it appears that it may have been in reaction to the UN&apos;s sponsorship of the 1st annual Software Freedom Day in which its International Open Source Network (IOSN) will educate Asian users on the benefits of Free and Open source Software (FOSS). FOSS promotes several high-profile applications including OpenOffice, Mozilla, MySQL, and Apache.&quot; An anonymous reader says of the U.N. effort, &quot;Events will be organised in Bangladesh, Brunei, India, Malaysia, New Zealand, Philippines, Sri Lanka and Vietnam on Saturday, August 28th.&quot; According to another anonymous reader, &quot;Go Open Source, funded by the Shuttleworth Foundation and HP, expects up to 10,000 visitors at the various Linux install-fests around South Africa this Saturday, says the Mail &amp;amp; Guardian.&quot;</description>
      <slash:section>developers</slash:section>
      <slash:department>join-in</slash:department>
      <slash:comments>158</slash:comments>
      <slash:hitparade>158,147,110,76,43,27,12</slash:hitparade>
      <category>gnu</category>
      <author>timothy</author>
      <pubDate>2004-08-26T11:27:00+00:00</pubDate>
    </item>
    <item>
      <title>Mars Odyssey Begins Overtime</title>
      <link>http://slashdot.org/article.pl?sid=04/08/25/2336230</link>
      <description>thhamm writes &quot;NASA&apos;s Mars Odyssey orbiter begins working overtime today after completing a prime mission that discovered vast supplies of frozen water, ran a safety check for future astronauts, and mapped surface textures and minerals all over Mars, among other feats. An extended Mission until 2006 has been approved, and I hope it will last that long, maybe doing more safety checks for astronauts :)&quot;</description>
      <slash:section>science</slash:section>
      <slash:department>time-and-a-half</slash:department>
      <slash:comments>83</slash:comments>
      <slash:hitparade>83,73,64,54,34,27,20</slash:hitparade>
      <category>space</category>
      <author>timothy</author>
      <pubDate>2004-08-26T09:16:00+00:00</pubDate>
    </item>
    <item>
      <title>New Solution For Your Transistor BBQ</title>
      <link>http://slashdot.org/article.pl?sid=04/08/25/2131220</link>
      <description>servantsoldier writes &quot;There&apos;s a new solution for the transistor heat problem: Make them out of charcoal... The AP is reporting that Japanese researchers, led by Daisuke Nakamura of Toyota Central R&amp;amp;D Laboratories Inc., have discovered a way to use silicon carbide instead of silicon in the creation of transistor wafers. The Japanese researchers discovered that they can build silicon carbide wafers by using a multiple-step process in which the crystals are grown in several stages. As a result, defects are minimized. Other benefits are decreased weight and a more rugged material. The researchers say that currently only a 3&quot; wafer has been produced and that a marketable product is at least six years away.&quot;</description>
      <slash:section>science</slash:section>
      <slash:department>but-the-ribs-aren&apos;t-done-yet</slash:department>
      <slash:comments>148</slash:comments>
      <slash:hitparade>148,136,103,71,26,16,13</slash:hitparade>
      <category>tech</category>
      <author>timothy</author>
      <pubDate>2004-08-26T06:22:00+00:00</pubDate>
    </item>
    <item>
      <title>The Search Engine Belt Buckle</title>
      <link>http://slashdot.org/article.pl?sid=04/08/25/1958256</link>
      <description>ptorrone writes &quot;Engadget shows how they made &quot;The Search Engine Belt Buckle&quot; a PDA-based device which shows 24 hours of all the bizarre and banal things people are looking for on the web. Art project or pointless hack? That&amp;#146;s for you to decide, people are searching for some pretty freaky stuff out there, so why not put in a belt buckle and get on the scene like a sex machine?&quot;</description>
      <slash:section>mainpage</slash:section>
      <slash:department>how-some-people-get-their-kicks</slash:department>
      <slash:comments>223</slash:comments>
      <slash:hitparade>223,214,179,115,43,37,27</slash:hitparade>
      <category>humor</category>
      <author>timothy</author>
      <pubDate>2004-08-26T03:38:00+00:00</pubDate>
    </item>
    <item>
      <title>VoIP And Cell Phones Eroding Traditional Telecoms</title>
      <link>http://slashdot.org/article.pl?sid=04/08/25/2010214</link>
      <description>Lullabye_Muse writes &quot;Yahoo! reports that telecoms in Europe and U.S. are losing in response to people switching their home phones for cellphones and dial up to cable modems. More info on specific VoIP discussed in latter part of article. The trend seems to becoming widespread, I guess 10 years and all the old wires are gonna start to be taken down.&quot;</description>
      <slash:section>it</slash:section>
      <slash:department>one-way-function</slash:department>
      <slash:comments>338</slash:comments>
      <slash:hitparade>338,332,264,191,56,31,20</slash:hitparade>
      <category>communications</category>
      <author>timothy</author>
      <pubDate>2004-08-26T01:11:00+00:00</pubDate>
    </item>
    <item>
      <title>Dodgeball: Text Your Location To Friends</title>
      <link>http://slashdot.org/article.pl?sid=04/08/25/2346200</link>
      <description>iseff writes &quot;I was listening to NPR yesterday in the car and they ran a piece about this new service called Dodgeball. It&apos;s essentially a social networking site, except it&apos;s based pretty extensively on text messaging. When you go out for the night, you txt the main dodgeball server your location. It then txt&apos;s your friends where you are so they can meet you. It can also tell you who is close-by where you are and how you are connected to those people. It seems like a more &apos;sticky&apos; and applicable use for social networking when compared to Friendster or orkut (which are always very popular when they launch and then quickly fade). Could this maybe be a decent use to social networking that will last? Or will this bust just as fast?&quot;</description>
      <slash:section>mainpage</slash:section>
      <slash:department>marco-polo-marco-polo-marco-polo</slash:department>
      <slash:comments>217</slash:comments>
      <slash:hitparade>217,210,150,95,37,26,20</slash:hitparade>
      <category>software</category>
      <author>timothy</author>
      <pubDate>2004-08-25T23:48:00+00:00</pubDate>
    </item>
    <image>
      <title>Slashdot: </title>
      <url>http://images.slashdot.org/topics/topicslashdot.gif</url>
      <link>http://slashdot.org/</link>
      <height>31</height>
      <width>88</width>
    </image>
    <textInput>
      <title>Search Slashdot</title>
      <description>Search Slashdot stories</description>
      <name>query</name>
      <link>http://slashdot.org/search.pl</link>
    </textInput>
    <language>en-us</language>
  </channel>
</rss>
