<?xml version="1.0" encoding="UTF-8"?>
<rss xmlns="http://my.netscape.com/rdf/simple/0.9/" xmlns:rdf="http://www.w3.org/1999/02/22-rdf-syntax-ns#" version="2.0">
  <channel>
    <title>Mozilla Dot Org</title>
    <link>http://www.mozilla.org</link>
    <description>the Mozilla Organization web site</description>
    <item>
      <title>New Status Updates</title>
      <link>http://www.mozilla.org/status/</link>
    </item>
    <image>
      <title>Mozilla</title>
      <url>http://www.mozilla.org/images/logo.gif</url>
      <link>http://www.mozilla.org</link>
      <height>31</height>
      <width>88</width>
    </image>
  </channel>
</rss>
