<?xml version="1.0" encoding="UTF-8"?>
<rss version="2.0">
  <channel>
    <title>Dave Winer: Grateful Dead</title>
    <link>http://www.scripting.com/blog/categories/gratefulDead.html</link>
    <description>A high-fidelity Grateful Dead song every day. This is where we&apos;re experimenting with enclosures on RSS news items that download when you&apos;re not using your computer. If it works (it will) it will be the end of the Click-And-Wait multimedia experience on the Internet.</description>
    <lastBuildDate>Fri, 13 Apr 2001 19:23:02 GMT</lastBuildDate>
    <docs>http://backend.userland.com/rss092</docs>
    <managingEditor>dave@userland.com (Dave Winer)</managingEditor>
    <webMaster>dave@userland.com (Dave Winer)</webMaster>
    <cloud protocol="xml-rpc" registerProcedure="ourFavoriteSongs.rssPleaseNotify" domain="data.ourfavoritesongs.com" path="/RPC2" port="80"/>

    <item>
      <description>It&apos;s been a few days since I added a song to the Grateful Dead channel. Now that there are all these new Radio users, many of whom are tuned into this channel (it&apos;s #16 on the hotlist of upstreaming Radio users, there&apos;s no way of knowing how many non-upstreaming users are subscribing, have to do something about this..). Anyway, tonight&apos;s song is a live version of Weather Report Suite from Dick&apos;s Picks Volume 7. It&apos;s wistful music. Of course a beautiful song, oft-quoted here on Scripting News. &lt;i&gt;A little change, the wind and rain.&lt;/i&gt;</description>
      <enclosure type="audio/mpeg" length="6182912" url="http://www.scripting.com/mp3s/weatherReportDicksPicsVol7.mp3"/>

      <expirationDate>Sat, 29 Nov 2003 10:17:13 GMT</expirationDate>
    </item>
    <item>
      <description>Kevin Drennan started a &lt;a href=&quot;http://deadend.editthispage.com/&quot;&gt;Grateful Dead Weblog&lt;/a&gt;. Hey it&apos;s cool, he even has a &lt;a href=&quot;http://deadend.editthispage.com/directory/61&quot;&gt;directory&lt;/a&gt;. &lt;i&gt;A Frontier 7 feature.&lt;/i&gt;</description>
      <source url="http://scriptingnews.userland.com/xml/scriptingNews2.xml">Scripting News</source>
      <expirationDate>Mon, 29 Dec 2003 10:17:13 GMT</expirationDate>
    </item>
    <item>
      <description>&lt;a href=&quot;http://arts.ucsc.edu/GDead/AGDL/other1.html&quot;&gt;The Other One&lt;/a&gt;, live instrumental, One From The Vault. Very rhythmic very spacy, you can listen to it many times, and enjoy something new every time.</description>
      <enclosure type="audio/mpeg" length="6666097" url="http://www.scripting.com/mp3s/theOtherOne.mp3"/>

      <expirationDate>Thu, 29 Jan 2004 10:17:13 GMT</expirationDate>
    </item>
    <item>
      <description>This is a test of a change I just made. Still diggin..</description>
      <expirationDate>Sat, 28 Feb 2004 10:17:13 GMT</expirationDate>
    </item>
    <item>
      <description>The HTML rendering almost &lt;a href=&quot;http://validator.w3.org/check/referer&quot;&gt;validates&lt;/a&gt;. Close. Hey I wonder if anyone has ever published a style guide for ALT attributes on images? What are you supposed to say in the ALT attribute? I sure don&apos;t know. If you&apos;re blind send me an email if u cn rd ths.</description>
    </item>
    <item>
      <description>&lt;a href=&quot;http://www.cs.cmu.edu/~mleone/gdead/dead-lyrics/Franklin&apos;s_Tower.txt&quot;&gt;Franklin&apos;s Tower&lt;/a&gt;, a live version from One From The Vault.</description>
      <enclosure type="audio/mpeg" length="6701402" url="http://www.scripting.com/mp3s/franklinsTower.mp3"/>

    </item>
    <item>
      <description>Moshe Weitzman says Shakedown Street is what I&apos;m lookin for for tonight. I&apos;m listening right now. It&apos;s one of my favorites. &quot;Don&apos;t tell me this town ain&apos;t got no heart.&quot; Too bright. I like the jazziness of Weather Report Suite. Dreamy and soft. How about The Other One? &quot;Spanish lady come to me..&quot;</description>
      <source url="http://scriptingnews.userland.com/xml/scriptingNews2.xml">Scripting News</source>
    </item>
    <item>
      <description>&lt;a href=&quot;http://www.scripting.com/mp3s/youWinAgain.mp3&quot;&gt;The news is out&lt;/a&gt;, all over town..&lt;p&gt;
You&apos;ve been seen, out runnin round. &lt;p&gt;
The lyrics are &lt;a href=&quot;http://www.cs.cmu.edu/~mleone/gdead/dead-lyrics/You_Win_Again.txt&quot;&gt;here&lt;/a&gt;, short and sweet. &lt;p&gt;
&lt;i&gt;You win again!&lt;/i&gt;</description>
      <enclosure type="audio/mpeg" length="3874816" url="http://www.scripting.com/mp3s/youWinAgain.mp3"/>

    </item>
    <item>
      <description>&lt;a href=&quot;http://www.getlyrics.com/lyrics/grateful-dead/wake-of-the-flood/07.htm&quot;&gt;Weather Report Suite&lt;/a&gt;: &quot;Winter rain, now tell me why, summers fade, and roses die? The answer came. The wind and rain. Golden hills, now veiled in grey, summer leaves have blown away. Now what remains? The wind and rain.&quot;</description>
      <enclosure type="audio/mpeg" length="12216320" url="http://www.scripting.com/mp3s/weatherReportSuite.mp3"/>

    </item>
    <item>
      <description>&lt;a href=&quot;http://arts.ucsc.edu/gdead/agdl/darkstar.html&quot;&gt;Dark Star&lt;/a&gt; crashes, pouring its light into ashes.</description>
      <enclosure type="audio/mpeg" length="10889216" url="http://www.scripting.com/mp3s/darkStar.mp3"/>

    </item>
    <item>
      <description>DaveNet: &lt;a href=&quot;http://davenet.userland.com/2001/01/21/theUsBlues&quot;&gt;The U.S. Blues&lt;/a&gt;.</description>
    </item>
    <item>
      <description>Still listening to the US Blues. &lt;i&gt;&quot;Wave that flag, wave it wide and high..&quot;&lt;/i&gt; Mistake made in the 60s. We gave our country to the assholes. Ah ah. Let&apos;s take it back. Hey I&apos;m still a hippie. &lt;i&gt;&quot;You could call this song The United States Blues.&quot;&lt;/i&gt;</description>
    </item>
    <item>
      <description>&lt;a href=&quot;http://www.sixties.com/html/garcia_stack_0.html&quot;&gt;&lt;img src=&quot;http://www.scripting.com/images/captainTripsSmall.gif&quot; height=&quot;51&quot; width=&quot;42&quot; border=&quot;0&quot; hspace=&quot;10&quot; vspace=&quot;10&quot; align=&quot;right&quot;&gt;&lt;/a&gt;In celebration of today&apos;s inauguration, after hearing all those great patriotic songs, America the Beautiful, even The Star Spangled Banner made my eyes mist up. It made my choice of Grateful Dead song of the night realllly easy. Here are the &lt;a href=&quot;http://searchlyrics2.homestead.com/gd_usblues.html&quot;&gt;lyrics&lt;/a&gt;. Click on the audio icon to the left to give it a listen. &quot;Red and white, blue suede shoes, I&apos;m Uncle Sam, how do you do?&quot; It&apos;s a different kind of patriotic music, but man I love my country and I love Jerry and the band. &lt;i&gt;I truly do!&lt;/i&gt;</description>
      <enclosure type="audio/mpeg" length="5272510" url="http://www.scripting.com/mp3s/usBlues.mp3"/>

    </item>
    <item>
      <description>Grateful Dead: &quot;Tennessee, Tennessee, ain&apos;t no place I&apos;d rather be.&quot;</description>
      <enclosure type="audio/mpeg" length="3442648" url="http://www.scripting.com/mp3s/tennesseeJed.mp3"/>

    </item>
    <item>
      <description>Ed Cone: &quot;Had a nice Deadhead experience with my wife, who never was one but gets the vibe and knows and likes a lot of the music. Somehow she made it to the age of 40 without ever hearing Wharf Rat. We drove to Jersey and back over Christmas with the live album commonly known as Skull and Roses in the CD player much of the way, and it was cool to see her discover one the band&apos;s finest moments. That song is unique and underappreciated. Fun to hear that disc again after a few years off -- you get Jerry as blues-guitar hero on Big Railroad Blues and a nice version of Bertha.&quot;</description>
      <enclosure type="audio/mpeg" length="27503386" url="http://www.scripting.com/mp3s/darkStarWharfRat.mp3"/>

    </item>
    <item>
      <description>&lt;a href=&quot;http://arts.ucsc.edu/GDead/AGDL/fotd.html&quot;&gt;Tonight&apos;s Song&lt;/a&gt;: &quot;If I get home before daylight I just might get some sleep tonight.&quot;</description>
      <enclosure type="audio/mpeg" length="3219742" url="http://www.scripting.com/mp3s/friendOfTheDevil.mp3"/>

    </item>
    <item>
      <description>&lt;a href=&quot;http://arts.ucsc.edu/GDead/AGDL/uncle.html&quot;&gt;Tonight&apos;s song&lt;/a&gt;: &quot;Come hear Uncle John&apos;s Band by the river side. Got some things to talk about here beside the rising tide.&quot;</description>
      <enclosure type="audio/mpeg" length="4587102" url="http://www.scripting.com/mp3s/uncleJohnsBand.mp3"/>

    </item>
    <item>
      <description>&lt;a href=&quot;http://www.cs.cmu.edu/~mleone/gdead/dead-lyrics/Me_and_My_Uncle.txt&quot;&gt;Me and My Uncle&lt;/a&gt;: &quot;I loved my uncle, God rest his soul, taught me good, Lord, taught me all I know. Taught me so well, I grabbed that gold and I left his dead ass there by the side of the road.&quot;</description>
      <enclosure type="audio/mpeg" length="2949248" url="http://www.scripting.com/mp3s/meAndMyUncle.mp3"/>

    </item>
    <item>
      <description>Truckin, like the doo-dah man, once told me gotta play your hand. Sometimes the cards ain&apos;t worth a dime, if you don&apos;t lay em down.</description>
      <enclosure type="audio/mpeg" length="4847908" url="http://www.scripting.com/mp3s/truckin.mp3"/>

    </item>
    <item>
      <description>Two-Way-Web: &lt;a href=&quot;http://www.thetwowayweb.com/payloadsForRss&quot;&gt;Payloads for RSS&lt;/a&gt;. &quot;When I started talking with Adam late last year, he wanted me to think about high quality video on the Internet, and I totally didn&apos;t want to hear about it.&quot;</description>
    </item>
    <item>
      <description>A touch of gray, kinda suits you anyway..</description>
      <enclosure type="audio/mpeg" length="5588242" url="http://www.scripting.com/mp3s/touchOfGrey.mp3"/>

    </item>
    <item>
      <description>&lt;a href=&quot;http://www.sixties.com/html/garcia_stack_0.html&quot;&gt;&lt;img src=&quot;http://www.scripting.com/images/captainTripsSmall.gif&quot; height=&quot;51&quot; width=&quot;42&quot; border=&quot;0&quot; hspace=&quot;10&quot; vspace=&quot;10&quot; align=&quot;right&quot;&gt;&lt;/a&gt;In celebration of today&apos;s inauguration, after hearing all those great patriotic songs, America the Beautiful, even The Star Spangled Banner made my eyes mist up. It made my choice of Grateful Dead song of the night realllly easy. Here are the &lt;a href=&quot;http://searchlyrics2.homestead.com/gd_usblues.html&quot;&gt;lyrics&lt;/a&gt;. Click on the audio icon to the left to give it a listen. &quot;Red and white, blue suede shoes, I&apos;m Uncle Sam, how do you do?&quot; It&apos;s a different kind of patriotic music, but man I love my country and I love Jerry and the band. &lt;i&gt;I truly do!&lt;/i&gt;</description>
      <enclosure type="audio/mpeg" length="5272510" url="http://www.scripting.com/mp3s/usBlues.mp3"/>

    </item>
  </channel>
</rss>
