<?xml version="1.0" encoding="UTF-8"?>
<rss version="2.0">
  <channel>
    <title>Décisions IT - ZDNet.fr</title>
    <link>http://www.zdnet.fr/techupdate/?rss</link>
    <description>Décisions IT - Solutions et management de projets.</description>
    <language>fr</language>
    <image>
      <title>ZDNet.fr</title>
      <url>http://images.zdnet.fr/i/ser/rss/zdnet-rss-logo.gif</url>
      <link>http://www.zdnet.fr/</link>
      <width>68</width>
      <height>35</height>
    </image>
    <item>
      <title> Sécurité - Signature électronique: la renaissance des infrastructures à clés publiques</title>
      <link>http://rss.zdnet.fr/techupdate/securite/0,39020976,39207254,00.htm</link>
      <description>La d&#233;mat&#233;rialisation des &#233;changes suscite un regain d&apos;int&#233;r&#234;t pour les infrastructures &#224; cl&#233;s publiques (PKI). Elles reviennent sous forme de certificats et signatures &#233;lectroniques pour assurer la s&#233;curit&#233; des transmissions de donn&#233;es sensibles.</description>
    </item>
    <item>
      <title> Infrastructure - Stockage: le SAN n&apos;en finit pas de se d&#233;mocratiser</title>
      <link>http://rss.zdnet.fr/techupdate/infrastructure/0,39020938,39208490,00.htm</link>
      <description>Les r&#233;seaux SAN se mettent &#224; la port&#233;e de tous les budgets, avec des commutateurs dont le prix ne cesse de baisser, l&apos;&#233;mergence d&apos;offres group&#233;es ciblant les PME, et le lancement de produits tr&#232;s &#233;conomiques d&#233;di&#233;s aux ch&#226;ssis des serveurs lames.</description>
    </item>
    <item>
      <title> R&#233;seaux &amp; T&#233;l&#233;coms - Comment le Plaza Ath&#233;n&#233;e s&apos;est converti &#224; l&apos;ADSL et au Wi-Fi</title>
      <link>http://rss.zdnet.fr/techupdate/reseaux_telecoms/0,39020969,39209810,00.htm</link>
      <description>En 2003, le palace parisien a &#233;quip&#233; toutes ses chambres d&apos;une connexion ADSL et ajout&#233; le Wi-Fi dans ses salons. Le succ&#232;s rencontr&#233; aupr&#232;s de la client&#232;le s&apos;est traduit par un retour sur investissement exceptionnel.</description>
    </item>
    <item>
      <title> Sécurité - Comment le cryptage quantique veille sur les codes secrets</title>
      <link>http://rss.zdnet.fr/techupdate/securite/0,39020976,39176090,00.htm</link>
      <description>&lt;font color=&quot;#990000&quot;&gt;&lt;b&gt;Innovation&lt;/b&gt;&lt;/font&gt; - La lumi&#232;re se met au service de la s&#233;curit&#233;, en permettant de s&apos;assurer scientifiquement de la transmission sans interception illicite d&apos;un code secret. Explications.</description>
    </item>
    <item>
      <title> R&#233;seaux &amp; T&#233;l&#233;coms - Neuf services de voix sur IP en revue</title>
      <link>http://rss.zdnet.fr/techupdate/reseaux_telecoms/0,39020969,39207812,00.htm</link>
      <description>Trois types d&apos;acteurs proposent des services de t&#233;l&#233;phonie IP: les op&#233;rateurs t&#233;l&#233;coms traditionnels, les fournisseurs d&apos;acc&#232;s internet (FAI) et les op&#233;rateurs de VoIP. Passage en revue des crit&#232;res technique et financiers pour faire le bon choix.</description>
    </item>
  </channel>
</rss>
