<?xml version="1.0" encoding="UTF-8"?>
<rss version="2.0">
  <channel>
    <title>myjavatools.com XML package</title>
    <description>XML library is a simplified XML trinity, reader/writer/container. You may never need more.</description>
    <link>http://www.myjavatools.com/projects/v.1.4.2/xml</link>
    <language>en-us</language>
    <item>
      <description>XML library, version 1.4.2, initial build.</description>
      <pubDate>2004-04-03</pubDate>
      <link>http://www.myjavatools.com/projects/v.1.4.2/xml/mjxml.zip</link>
      <title>build 1</title>
      <author>Vlad Patryshev</author>
    </item>
    <item>
      <description>RSS Java class added</description>
      <pubDate>2004-04-04</pubDate>
      <link>http://www.myjavatools.com/projects/v.1.4.2/xml/mjxml.zip</link>
      <title>build 2</title>
      <author>Vlad Patryshev</author>
    </item>
    <item>
      <description>Versions 0.93 and 0.94 added to RSS reader - Rss can read all RSS versions now</description>
      <pubDate>2004-05-16</pubDate>
      <link>http://www.myjavatools.com/projects/v.1.4.2/web/webmjxml.zip</link>
      <title>build 3</title>
      <author>Vlad Patryshev</author>
    </item>
    <item>
      <description>Rss.addItem() did not work - fixed</description>
      <pubDate>2004-07-18</pubDate>
      <link>http://www.myjavatools.com/projects/v.1.4.2/xml/mjxml.zip</link>
      <title>build 4</title>
      <author>Vlad Patryshev, Asher Szmulevicz</author>
    </item>
    <item>
      <description>BasicXmlData copy constructor now does deep copy; Rss setters did not work - fixed; Static Rss.DEFAULT_RSS was being abused by copy constructor - fixed</description>
      <pubDate>2004-07-19</pubDate>
      <link>http://www.myjavatools.com/projects/v.1.4.2/xml/mjxml.zip</link>
      <title>build 5</title>
      <author>Vlad Patryshev, Asher Szmulevicz</author>
    </item>
    <item>
      <description>The order of data in XML is preserved; new methods added for retrieving data in the order they were read</description>
      <pubDate>2004-07-31</pubDate>
      <link>http://www.myjavatools.com/projects/v.1.4.2/xml/mjxml.zip</link>
      <title>build 6</title>
      <author>Vlad Patryshev</author>
    </item>
    <item>
      <description>Tested with slashdot version of RSS; preserves xmlns attributes</description>
      <pubDate>2004-08-29</pubDate>
      <link>http://www.myjavatools.com/projects/v.1.4.2/xml/mjxml.zip</link>
      <title>build 7</title>
      <author>Vlad Patryshev</author>
    </item>
    <item>
      <description>Fixed an NPE bug.</description>
      <pubDate>2007-07-08</pubDate>
      <link>http://www.myjavatools.com/projects/v.1.4.2/xml/mjxml.zip</link>
      <title>build 8</title>
      <author>Vlad Patryshev</author>
    </item>
  </channel>
</rss>
