<?xml version="1.0" encoding="UTF-8"?>
<!--This comment marks this file as generated, so it may be deleted and regenerated at any time. To preserve manual changes to this file, delete this comment.-->
<Server debug="0" port="8081" shutdown="SHUTDOWN">
  <Service name="Catalina">
    <Connector acceptCount="10" connectionTimeout="60000" debug="0" maxThreads="75" minSpareThreads="5" port="8080"/>
    <Engine debug="0" defaultHost="localhost" name="Catalina">
      <Host appBase="D:\vlad\myjavatools.com\projects\v.6.0\web\Tomcat\webapps" autoDeploy="false" debug="0" deployXML="false" name="localhost" unpackWARs="false">
        <Context debug="0" docBase="D:\vlad\myjavatools.com\projects\v.6.0\web\HttpClientTest" path="/HttpClientTest" reloadable="true" workDir="D:\vlad\myjavatools.com\projects\v.6.0\web\Tomcat\work\HttpClientTest"/>
      </Host>
    </Engine>
  </Service>
</Server>
